{"0": {"list_value": 46.37259233791148, "precision": 0.8669811320754719, "recall": 0.2766734867256424, "list_value_difference": 7.170559281966187}, "1": {"list_value": 46.370920221840116, "precision": 0.868867924528302, "recall": 0.27732410481282527, "list_value_difference": 7.172231398037543}, "2": {"list_value": 46.390668196480675, "precision": 0.868867924528302, "recall": 0.27764855325048127, "list_value_difference": 7.152483423397005}, "3": {"list_value": 46.489696228446526, "precision": 0.8735849056603774, "recall": 0.28001435567811106, "list_value_difference": 7.053455391431136}, "4": {"list_value": 46.33769556541435, "precision": 0.870754716981132, "recall": 0.27846999812895246, "list_value_difference": 7.20545605446331}, "5": {"list_value": 46.29519586403728, "precision": 0.870754716981132, "recall": 0.2783025530353551, "list_value_difference": 7.247955755840395}, "6": {"list_value": 46.28550267479393, "precision": 0.8707547169811322, "recall": 0.27886460548955805, "list_value_difference": 7.257648945083739}, "7": {"list_value": 46.24088650824602, "precision": 0.8707547169811325, "recall": 0.27948601276912793, "list_value_difference": 7.302265111631657}, "8": {"list_value": 46.13261721730323, "precision": 0.8660377358490569, "recall": 0.27847628500572597, "list_value_difference": 7.410534402574449}, "9": {"list_value": 46.089537774856126, "precision": 0.8650943396226418, "recall": 0.27624955150112723, "list_value_difference": 7.453613845021567}}