{"0": {"list_value": 46.077012643142716, "precision": 0.8605504587155967, "recall": 0.27725029568689513, "list_value_difference": 7.475477572710484, "intra_list_similarity": 10.411697247706423}, "1": {"list_value": 46.023506790723744, "precision": 0.857798165137615, "recall": 0.2767810579000114, "list_value_difference": 7.528983425129471, "intra_list_similarity": 9.875}, "2": {"list_value": 46.091855981478176, "precision": 0.8587155963302756, "recall": 0.2755352936960629, "list_value_difference": 7.460634234375052, "intra_list_similarity": 8.806192660550458}, "3": {"list_value": 45.99070746986051, "precision": 0.8559633027522937, "recall": 0.27534353637289405, "list_value_difference": 7.561782745992666, "intra_list_similarity": 7.614678899082569}, "4": {"list_value": 45.992581117466564, "precision": 0.8577981651376146, "recall": 0.27591534336022716, "list_value_difference": 7.55990909838662, "intra_list_similarity": 6.56651376146789}, "5": {"list_value": 45.934525253765955, "precision": 0.8587155963302756, "recall": 0.27792040809604135, "list_value_difference": 7.617964962087247, "intra_list_similarity": 5.302752293577981}, "6": {"list_value": 45.97036726881642, "precision": 0.859633027522936, "recall": 0.27685725093247526, "list_value_difference": 7.582122947036766, "intra_list_similarity": 4.504587155963303}, "7": {"list_value": 45.88865883884897, "precision": 0.8577981651376151, "recall": 0.27592870839792377, "list_value_difference": 7.66383137700422, "intra_list_similarity": 3.621559633027523}, "8": {"list_value": 45.90037812550877, "precision": 0.8568807339449545, "recall": 0.27502665997780434, "list_value_difference": 7.652112090344415, "intra_list_similarity": 2.853899082568807}, "9": {"list_value": 45.9628257818246, "precision": 0.8568807339449545, "recall": 0.2745316536619409, "list_value_difference": 7.589664434028555, "intra_list_similarity": 2.110878112712975}}